"0","tamaramorrison@hotmail.com","pbkdf2:sha256:260000$GyNNhehb5qgQPUAr$0e8fdc7fee34c18b90618bd74cda816bdf457653743e134424306e4887bd6665","Gary","Cross"
"1","martha10@hotmail.com","pbkdf2:sha256:260000$5JNCoA5t6jMiJIJA$817d3b1324f42935536777919b48e00bb22ba146db573456708f641c96afe0ff","Denise","Thornton"
"2","deborah64@gmail.com","pbkdf2:sha256:260000$Nb4IcsynvAOxphif$ffb991c07455eef4fc6037ed847b2f979d734588377bc214310bd0a43a448938","Jeanne","Green"
"3","franklinjames@yahoo.com","pbkdf2:sha256:260000$Arwaui5eC8PLu5Gb$20c845a347a5b15e8e8e1a6a0927a8eb22fe9c76e0549cc24880d72ce2d1798e","John","Hoffman"
"4","samanthasims@yahoo.com","pbkdf2:sha256:260000$Rr03XgZstawktMj4$f5c6a4731caa96e075e9c1dd23acced6e580079396f275a3dd59fb9aeaefc9d7","Timothy","Parker"
"5","taguilar@hotmail.com","pbkdf2:sha256:260000$fbIapPC1dAVSzALb$1bb504512a15af391f47864a9e05fec2147f8e8d9ec1a73e4cea5046f452e06e","Linda","Freeman"
"6","georgedavid@yahoo.com","pbkdf2:sha256:260000$lZkRE5RR4JkMzs1S$afe408e617032f78e8ba72df365fa72c93cadef724589c2a614153337513701f","Sandra","Brown"
"7","chad50@yahoo.com","pbkdf2:sha256:260000$0A5OgZrUxQ5cBUrT$a2b8abe42014e11f8f3c334c7e25b7ac793551d09988d18729675e8368bb078b","Paula","Wilkerson"
"8","jyang@hotmail.com","pbkdf2:sha256:260000$0qqrPfq1a5MVLalt$8b5338f5fc9c6487dc4721f3208a73b7d590d4d65e4ee5ba4fe05e48da767674","Willie","Garcia"
"9","bramirez@gmail.com","pbkdf2:sha256:260000$RFCrJXELbLtMTQet$11611d110c2dfcf1ffdda21f670c5bab43ea28d5e1b0b36cc4b0769df7fad4c2","Michael","Montgomery"
"10","kellypeter@gmail.com","pbkdf2:sha256:260000$IKOtzDtqQXmw9o4o$451d68150b3874d4a8089a9aabed8fb9e5c92e798f418007d756bd9d34a5e421","Melissa","James"
"11","tarasanders@gmail.com","pbkdf2:sha256:260000$zaJWorw5GPSbzLv4$b4ce1187c9bf11cf294eb5003ff54e23e5cd026d6070128f1947433f70739351","Lisa","Bush"
"12","virginia18@yahoo.com","pbkdf2:sha256:260000$OVzHHuZwBnwxUzaW$319b51a2179c8e61ba3854bdc84caca26ff1df0b52cac5cb19a404f184ef7d9a","Bruce","Miller"
"13","jensenanthony@hotmail.com","pbkdf2:sha256:260000$USpwipN0GKwfC71k$9217333d0cac60078db48b8bc68a91b5c0372bdc164ed9d9411f212b2152582d","Mark","Burnett"
"14","kmalone@gmail.com","pbkdf2:sha256:260000$bLhgUMCb4jh5Rjiw$6eb95c238acdc42fcc292de252484a414aea16b1f26738b279853cb7396d2488","Courtney","Valdez"
"15","kingerin@hotmail.com","pbkdf2:sha256:260000$W48ZOa7kIwCY3Y2o$6127b8097fa870e1bee5ffa4a63842dd0ab81c55d342062dd03a9be52e991b2a","Henry","Moss"
"16","meganbrady@gmail.com","pbkdf2:sha256:260000$WbNbvA7GNm1TQFbE$fe126769e13bb831d46319045bcc46c5161bfeceff494d031371c56fe1d3d2b6","Amy","Fowler"
"17","kgomez@gmail.com","pbkdf2:sha256:260000$L1InuR0X7lqqLDXD$7a97296717c7ee3ec3b1891be660c07fa95eca74b2e0428064f7447d290799cb","Tammy","Reilly"
"18","thomaspeters@hotmail.com","pbkdf2:sha256:260000$e9GqcsNyn24IvguF$af0b88ecd1993cf1bc7b52144b9986a99d51d893da1935da67cad14c8b9036fb","Robin","Harris"
"19","susan06@yahoo.com","pbkdf2:sha256:260000$WbxFQa4k3KIUgB1J$deecbae57e864a948b212a9185f78fd0cc3745d110edb01ce415edae742078d9","Jared","Vaughn"
"20","william86@gmail.com","pbkdf2:sha256:260000$KBM8uLbSeszOlsfZ$f1dcbe517178b175a4ca780f621ae33dae58d9bce841e82b9d26a994df774640","Lauren","Mcdaniel"
"21","michaelanderson@hotmail.com","pbkdf2:sha256:260000$aLbs159ejdJ3CCNN$54440460c20e65cba5f96de89cb0ea0f0cb54561c5013f538f87ad56e4b2ebe1","Brian","Richardson"
"22","deleonwilliam@gmail.com","pbkdf2:sha256:260000$Q0aT9LuCRFl9s0zm$9a03653bbd63cc05d66315e3bf7df6e80c58c441606097f55d7386f7e087d0fa","Maria","Harris"
"23","joshua07@yahoo.com","pbkdf2:sha256:260000$4QNUWzyfUoMKQjlg$b3beb337c798c8711e3b0e0a07924245e3e357ef6748599c2c315ffeb97a4a45","Heather","Davis"
"24","leonardsutton@gmail.com","pbkdf2:sha256:260000$1QlBrjv6LBSm4Dll$387b065ee6a3395e9576acfd401b3aec2b9739a9151e43bcf22b40c4d113a467","Patrick","Spears"
"25","hromero@hotmail.com","pbkdf2:sha256:260000$jbVg80dMXwEwfR3n$b17b79cf5c5d9d47365bde42fcb88aa2302a07e742b7e41c61d41804d10f18cc","Debra","Aguilar"
"26","angela30@gmail.com","pbkdf2:sha256:260000$KmB7y2j74VfPSbtv$cb4135a22af951fde773d6b6a3ba5ceb21d7f8114c1d2e7af51324934426f753","Cody","Crawford"
"27","ygraham@hotmail.com","pbkdf2:sha256:260000$uUmXzQh3dGsDZ1er$4cd56b217c75e0d7a3457503101ced8913a130ad3eb0a1b9275e30ecaeec0e23","Cynthia","Faulkner"
"28","millerlori@yahoo.com","pbkdf2:sha256:260000$PSh8zlFnLPYxEoMB$a32e80cfbb129863ca4ff6336177a189e58a53e4ad0294915430f0839f5703d4","Kelly","Casey"
"29","pmartinez@yahoo.com","pbkdf2:sha256:260000$KRpGtWBGMcuLUPpT$6cd87a89518e43412b9f493a5772d29a1937d9791b845f231906daa2d6ec189f","Thomas","Patel"
"30","stafforderic@gmail.com","pbkdf2:sha256:260000$f9XgscYz3lVtNFxS$94bd5aa38277a2342dd23ed613d86d7467a8022dd8bf99a18967290abee9acb8","Johnny","Martinez"
"31","smithsabrina@gmail.com","pbkdf2:sha256:260000$4rWpfX0fIYcwah1J$c08d5ad8a061b1b1bf8ba6b34f304a583126479d31c638742cc671c476f018f9","David","Turner"
"32","rmiranda@hotmail.com","pbkdf2:sha256:260000$NF6hDo2p966RP007$7979f616cf0dfd4819f0b25c97ad024db1ebafd1cc278065c038091085be95bb","Evelyn","Hendricks"
"33","millersamuel@yahoo.com","pbkdf2:sha256:260000$mHD2Wx9sL7Zphwtc$6bbb442cf54d6392fde4f8a990de6a16dd345d22b231eb95500aaf4fb5b86f4b","Paula","Walter"
"34","cherylstewart@yahoo.com","pbkdf2:sha256:260000$9HrFgUiH7t1Trq85$be98846594d872109e3a0509ed084dcadc603b0635b7a5282ba173501ed99207","Derrick","Webb"
"35","santanajimmy@gmail.com","pbkdf2:sha256:260000$PE6iboYrahZCFFeo$4968ce394a32c12ed1a18bccbceadae583d74518731f5ff719b584dd046ee99c","Patrick","Graves"
"36","stephenbeck@yahoo.com","pbkdf2:sha256:260000$l0di8XKzcKg9cBNn$2db847fe9c698bb94af121f16de92a7000abd451c5a4a7686b654a4c4621d453","Leah","Bell"
"37","palmercassandra@hotmail.com","pbkdf2:sha256:260000$gBOmZYUxKwqN8m2U$a394d61e346eced5a6f420a80240eec871f66dfc703703ad73075784e283912f","Dalton","Fritz"
"38","alisongreer@yahoo.com","pbkdf2:sha256:260000$gzwpXGt1VslqFnhG$e28fc1bb3f85866fa0e36e9571db47dd0ce2f64a56af0ce6c47dcf1c92495498","Madeline","Stevenson"
"39","jasondavis@hotmail.com","pbkdf2:sha256:260000$r29f9om5zEvKqZgo$64b82f75e3d6aac495278845daa21cf651cf35a60a85aa5c3d6a9c95aa49d2da","Valerie","Charles"
"40","markchan@gmail.com","pbkdf2:sha256:260000$HhRK5aVgUPLUEv5t$2d5e50d591d05bc38cc169cc8376e95dc7a8c18480397c54a9ec8bc0496e6910","James","Scott"
"41","castroallen@gmail.com","pbkdf2:sha256:260000$pvlWXgp4LS9iDfgM$25e9cb9a17cfa36abc403951360ae593bd1ca8896345a46e11a2611b7ff2b89c","Jennifer","Garcia"
"42","caleb01@yahoo.com","pbkdf2:sha256:260000$qn8WwFa9S0AQyCx5$8adcda687b8aafccb1883030ce10b79961b8e7de7db2f859fbb0454c36fc4bde","Keith","Jones"
"43","guerrerothomas@hotmail.com","pbkdf2:sha256:260000$2qwaRjU892M5yC9J$2295c527943ba8f7b42fda7fd2fec10c5abcacd5db857cd1f41f9d8c06c10c75","Lori","Moore"
"44","allison58@hotmail.com","pbkdf2:sha256:260000$4Z443kHxLlsLZdpB$3087085ea7e5c90869807721e6df69e799f9b8c6fcce1b0a63bad14d51f49134","Ariel","Freeman"
"45","jeremy24@yahoo.com","pbkdf2:sha256:260000$PsmVgNpyNdiasMAc$8ebdc2f3e05ad0d4a04d4c0087e35f07508aed251cffbc228594a5947993fc7f","Randy","Bernard"
"46","johnny46@hotmail.com","pbkdf2:sha256:260000$vBO8n84bPi56v1a7$69c5b286338ef86fda5ad00bec396858259ef057288544fe8e9ce618d7acfeb1","Timothy","Kerr"
"47","james07@yahoo.com","pbkdf2:sha256:260000$lDYba731Fiaplp5i$f0f41b56cd37c27c36217f2576e54ea5b98bf591209106672221dd51a7953b8f","William","Crawford"
"48","marquezpaula@hotmail.com","pbkdf2:sha256:260000$0z8LPRJzzivpTmtk$dd81c6374816a1581336f014dda74a161865bc79c183c4506afaa60868d926a0","Jonathan","Davis"
"49","josephmason@hotmail.com","pbkdf2:sha256:260000$tgxp0LPKWc0uLSKr$ba6d5bef2dedc17c9bb1e8a609cdbd57b76fd6cb79410dc8b693c26e6247d97f","Kathryn","Noble"
"50","richard56@yahoo.com","pbkdf2:sha256:260000$R0sRNFmAZ7CLqXaH$dad5b6a8b53bbc52a813f85a8dbe8ab7c92eaaed2a71bde22f5b15af5ba9f7bd","Daniel","Cortez"
"51","fosterbryan@yahoo.com","pbkdf2:sha256:260000$ayvSLi6Pytzi1fN8$be2993f0aae18f55d02592036ae0620673b42d488e55f178aaec2d13f6bcb6c6","Kenneth","Boyd"
"52","anthonyvincent@yahoo.com","pbkdf2:sha256:260000$LDMqH4aqrMeUjxwl$38816abbfae69297ded4ccdf2233786afb3dba1de4eba789cbedcb9f309821f2","Renee","Moore"
"53","sawyersamuel@yahoo.com","pbkdf2:sha256:260000$57dvSCCS0bgvJfCX$e2627510d1b04d125fc5cf97b1e0fbf1257b31a8d1f3f0e2809166b153f87fc1","Alyssa","Farley"
"54","gstone@yahoo.com","pbkdf2:sha256:260000$J9YE6maXrHBCz408$e9ae6dfa3b4779b3a3682692eda5fbd5dff693c169e6a79e67f414ff4a9e00f6","Alexis","Williams"
"55","kevinflores@gmail.com","pbkdf2:sha256:260000$ig2V5rB65zIAOpZP$d5e43da528f5d31a0153a467e5fdbdfe3be1c063afbdf95a0656bb338d924017","Jasmine","Castro"
"56","gordon43@hotmail.com","pbkdf2:sha256:260000$kFfbLOzrgtXQvwA8$6d2f0bc7dde51c88fe07faa4de746fb6518c6932b41b5668f9d794909163d966","Joseph","Williams"
"57","kennethwashington@gmail.com","pbkdf2:sha256:260000$C1SUICQ4CkrdZVfE$3fadc486f900d762a23e109fb6f79a907a104d99dc9eb3e89a7b26b5f1a2f184","Jennifer","Marsh"
"58","hamiltonchristopher@gmail.com","pbkdf2:sha256:260000$bLuRbC6OOAyZr9Er$04b178ea97273a03e8626f915d80fbb4b4bcdba1f32069a0d1870d8b018101c6","Anne","Michael"
"59","nsmith@hotmail.com","pbkdf2:sha256:260000$Gs5mYbI0qWh1CNFD$53a245697f294eddce0191c24609d56580a69af86496039aad852ec3ad594763","Joshua","Duke"
"60","jennaarnold@yahoo.com","pbkdf2:sha256:260000$5GGZl2cl6j7KOwpc$adc755bcacd4e7978a60e86674a29fcbc1129858b95f0ab4719d15ecf7de6942","Susan","Turner"
"61","scottzimmerman@hotmail.com","pbkdf2:sha256:260000$uKo4Yuvo7ZW4mvyb$116a3e36f5749b4c6e633785825e91d8d127f9c8e2ca78a4b62a64c5c7b46006","Julie","Dominguez"
"62","bonnie89@gmail.com","pbkdf2:sha256:260000$56NOYGwKaEpoqp6t$9c02f27a32678a01579547fcb3e5fd9b1ad46bcb120efa2fc95167c3ba2471b5","Dwayne","Osborne"
"63","cindy30@gmail.com","pbkdf2:sha256:260000$LPHYiOLDOnmft3BV$8bb823d396c9a63d2245c86cb5ac1aac85a70da3765f54c9f2653c03e59735df","Antonio","Thompson"
"64","qhenderson@gmail.com","pbkdf2:sha256:260000$2qp3HEiXcBdlAguX$a7a10508e5cab57c7606d66ef70da2a5b37425823f7b321cc534fc5d0aa98ef4","Yolanda","King"
"65","nancyturner@hotmail.com","pbkdf2:sha256:260000$9yyOJNAFcL5g6aox$e23d11246dcd484724d399a3257d0add8eec286c54138117d23efddd735cdc92","Richard","Woodward"
"66","bradley51@hotmail.com","pbkdf2:sha256:260000$j8BidnuDpgwFdE0y$221b60ae968fdc41f5534ce1dd0eca7d92595b435ee333f13ebc4af2b6d278f1","Jeremy","Costa"
