"0","tamaramorrison@hotmail.com","pbkdf2:sha256:50000$B1GESDSw$585205068c8799ab7b0e88a1541e10ce1985eb18a4c14cd459d61ef7cb43d4cd","Gary","Cross"
"1","martha10@hotmail.com","pbkdf2:sha256:50000$t6EwrRzN$1f83fc66ee8dd3b9ac24c73e2cd9785deb85ac4f352530c545b61b4fe54dd4d3","Denise","Thornton"
"2","deborah64@gmail.com","pbkdf2:sha256:50000$llJrvYPv$d97f8b69a8c95bb1615c08e539f2e2af0e0a782a2d30c244f9228628731537be","Jeanne","Green"
"3","franklinjames@yahoo.com","pbkdf2:sha256:50000$vrZsOXNw$5a2c486aa20f51d6ebed044d4d9fff3bbea446cf962cbbdc94dd6d2baff8bc75","John","Hoffman"
"4","samanthasims@yahoo.com","pbkdf2:sha256:50000$UuCIGyTB$31afc7ff7f63754edd2d0afa611620c92a8f05d5873e68befd5f7ef2f0da58cc","Timothy","Parker"
"5","taguilar@hotmail.com","pbkdf2:sha256:50000$cUypxGbd$ebc48a1ada8736e7c61e7643f8c37be1dd723a253251036fee3e952a47cbc0bd","Linda","Freeman"
"6","georgedavid@yahoo.com","pbkdf2:sha256:50000$JecCr434$9f9873fe5f1a8466603abd3a7886a882933c452fbdb9bb008f82073e0ef6cb43","Sandra","Brown"
"7","chad50@yahoo.com","pbkdf2:sha256:50000$aO020GII$bee6450159c2f87c881e056aac583f9bb81874b9c8841b566aad401cee8a59e4","Paula","Wilkerson"
"8","jyang@hotmail.com","pbkdf2:sha256:50000$sqCbmVlJ$77c7a2f602e757e0589317feb1115cb236814cc8c6929b6edef7532bf95dbc34","Willie","Garcia"
"9","bramirez@gmail.com","pbkdf2:sha256:50000$MJsaLwwH$72338f7cfcee862d1cf4b3ae325891e76eb4125dd5d2b6c93a7858acc3b79a4a","Michael","Montgomery"
"10","kellypeter@gmail.com","pbkdf2:sha256:50000$FGonw22l$035646d47e1ede0c23cc5b10c941aea2f05642ab8a45a8108dab4a1404e4a80b","Melissa","James"
"11","tarasanders@gmail.com","pbkdf2:sha256:50000$yHSsvqPg$093feca2b237fe2e785861bcad863bf3c694aa4551b9c4f36ef4a1c58482f202","Lisa","Bush"
"12","virginia18@yahoo.com","pbkdf2:sha256:50000$pU5fXj2j$820452870c151fc3af3af911074e11105a2b55bef6a504c0e5c5c5ebd19ee1d2","Bruce","Miller"
"13","jensenanthony@hotmail.com","pbkdf2:sha256:50000$V0sKfNWv$153632342bf4d779f2c89684e016b51df5c2988d5c36b7a78370ce2fa53da7a4","Mark","Burnett"
"14","kmalone@gmail.com","pbkdf2:sha256:50000$94udhqB7$7a3d638e5130953c1e5d549305ddbfd09a3336ae34cd92fc962360270c747bc5","Courtney","Valdez"
"15","kingerin@hotmail.com","pbkdf2:sha256:50000$8Rf7w8h2$23234d12ed090e7acee179ee5c6f475c0ef131b10b617587b609095944aa0947","Henry","Moss"
"16","meganbrady@gmail.com","pbkdf2:sha256:50000$aLTFaOOs$0edd28a7057dbdee06d706151e960b5785b74ed7c74099ed295178780219515c","Amy","Fowler"
"17","kgomez@gmail.com","pbkdf2:sha256:50000$RycCCqVE$85cb7efde6e088ebc3dbbc3e000ba9d4924e034fcdcc8e009f4a080087fcf48a","Tammy","Reilly"
"18","thomaspeters@hotmail.com","pbkdf2:sha256:50000$8cQTNYw7$fa1c4465000a31f24511c38cea7e5eedc7eaf9f4feb59834cebf921a06f048c8","Robin","Harris"
"19","susan06@yahoo.com","pbkdf2:sha256:50000$ZUdscKXQ$03214cd3ab018a446c82d0fec2857f6e19d4384dfc9ea9d88ceabef80755fd2e","Jared","Vaughn"
"20","william86@gmail.com","pbkdf2:sha256:50000$USmBqvyr$fd775f5d48d06db03236f64c28f4b1381c2b9bf9bdde7a50b492e4b64be59faf","Lauren","Mcdaniel"
"21","michaelanderson@hotmail.com","pbkdf2:sha256:50000$M5S07dA7$4a994dc3b85e6fd4d4434abb3bab04815ac0f99f0f4adf39548f95dbada7cbf7","Brian","Richardson"
"22","deleonwilliam@gmail.com","pbkdf2:sha256:50000$YciJD9SP$e4cdee9e9f30887fcfec8c5cab93599dfff303fa9013bee709e9e3c9874e7a5d","Maria","Harris"
"23","joshua07@yahoo.com","pbkdf2:sha256:50000$5Am2MIVt$6d731219854b2b128b71b94a952431a5a4797619bb70268a80da468a634e8353","Heather","Davis"
"24","leonardsutton@gmail.com","pbkdf2:sha256:50000$oeDT84Jp$2dc89c97e5dd43db43aa70fb5a58f86300e3fb2b9da150f3bc9fc4e4c4076f32","Patrick","Spears"
"25","hromero@hotmail.com","pbkdf2:sha256:50000$OVzIMhTd$e5e814a4a6ddddcd9512582c66f7a1f467d4aba0dac008071b9b8e33134a0162","Debra","Aguilar"
"26","angela30@gmail.com","pbkdf2:sha256:50000$Hf0lrSDB$6657a220784938bc60b5370785d528c3bc0f2baf9063bfe2089362b7379d4f3c","Cody","Crawford"
"27","ygraham@hotmail.com","pbkdf2:sha256:50000$4DjNQa4Y$1f819b33a1593e5ab2610cf588fc6ad48b14601bbfa2996b9aea6bc0e3356a34","Cynthia","Faulkner"
"28","millerlori@yahoo.com","pbkdf2:sha256:50000$ME7NJWwj$78fa02bb6dd7661e494c2e8849cd9eddf6b95ab7bc858c980d7f22b05c609052","Kelly","Casey"
"29","pmartinez@yahoo.com","pbkdf2:sha256:50000$Hk9qF8bw$0d88ba876d4f31b16a96f146e48df5192db0fbce34b091a78a6cda4fb1e4185d","Thomas","Patel"
"30","stafforderic@gmail.com","pbkdf2:sha256:50000$bf5LOnIX$73bf06a3ff40a49be4d83e2f8194d395e42c97c56ae01e7e9998a0f8ec9d4246","Johnny","Martinez"
"31","smithsabrina@gmail.com","pbkdf2:sha256:50000$5fzbP2xM$69ac3bc5350dcc83b1f0796f5b750396a731cb679ed369a9a48b2be7ab506dfd","David","Turner"
"32","rmiranda@hotmail.com","pbkdf2:sha256:50000$TMlK8iK2$6313f35da1496f5d958175c18deee78ed10b07386af6b1d064583d6355b3bd50","Evelyn","Hendricks"
"33","millersamuel@yahoo.com","pbkdf2:sha256:50000$I7GLkudw$0821e0e49ebb258347de4db23c1de0089c2fa6e230944bad40f53e36e79d6f49","Paula","Walter"
"34","cherylstewart@yahoo.com","pbkdf2:sha256:50000$KaA06hDw$49e3bab6819d08b1a808b97425c8080d46b4005773165d356705c50ded81ca35","Derrick","Webb"
"35","santanajimmy@gmail.com","pbkdf2:sha256:50000$g6SvC5mp$dc29dc649e3eec56fa59e4b6ce217d1d4b31935f4fbd2ce17c0ec7a25650d534","Patrick","Graves"
"36","stephenbeck@yahoo.com","pbkdf2:sha256:50000$FeTs2Oyd$608dc6332221fa9bb06cf5771b9e4c5d4a115a5d7b3125f1d21d843df6beddbf","Leah","Bell"
"37","palmercassandra@hotmail.com","pbkdf2:sha256:50000$ydfCjlQL$140ddb0cdd81fa9da188d38e6635492302128a93260900bd86b0c58c16c25db8","Dalton","Fritz"
"38","alisongreer@yahoo.com","pbkdf2:sha256:50000$jmQNREJz$6aa3d2eba717eaf9a30e0a21e9ac50116b1d8ac9d13dabf15f20566ac02b60ad","Madeline","Stevenson"
"39","jasondavis@hotmail.com","pbkdf2:sha256:50000$nADlzmxY$3ebd07501d5b7ebe609c712417e0cb0f672f83330a2cb144b3443f1ddf4205b5","Valerie","Charles"
"40","markchan@gmail.com","pbkdf2:sha256:50000$O7l82INa$f554209bbc70b91a9f38a47a044ecea4b740d9edfe8002c520ef9704d39ec4d0","James","Scott"
"41","castroallen@gmail.com","pbkdf2:sha256:50000$CPNCXxY0$5566fb0fd340a44b967c6093cdfee0b09719ebb9d52d6fda9a21961ef6d54380","Jennifer","Garcia"
"42","caleb01@yahoo.com","pbkdf2:sha256:50000$D70rCm59$612d4f85149893f9e33a577cb12e6c874e5deebae8845485e7c6bfe063b433bb","Keith","Jones"
"43","guerrerothomas@hotmail.com","pbkdf2:sha256:50000$wesYMuyG$59ac608822389a3ebcd120d73eb72e77242bb4772f0d83ef967ac7376e6dd57c","Lori","Moore"
"44","allison58@hotmail.com","pbkdf2:sha256:50000$uCyZT79B$71019431c0da203350a02deb32058090e8a7b40bee5dddf79c48b38c7f94465f","Ariel","Freeman"
"45","jeremy24@yahoo.com","pbkdf2:sha256:50000$iyJ7UTz0$2c008af2d376dabc3b5dc45501041ad2af8ea4fa738752cee039897f9d93be9c","Randy","Bernard"
"46","johnny46@hotmail.com","pbkdf2:sha256:50000$rtw8038q$1cde65a10220231cceb2e788c31493385fbc6a6a0b41f1405f6c61392178f5f3","Timothy","Kerr"
"47","james07@yahoo.com","pbkdf2:sha256:50000$QeYwgCFU$422d7b91a9dfb268ed04852bc25ab97bb1c819ab0f2d1baa7336de54127ad477","William","Crawford"
"48","marquezpaula@hotmail.com","pbkdf2:sha256:50000$OAycbNQP$98327c88945a6b8ebf1d45335023619e79ea86fc6502640ba9a3e342fbdf0700","Jonathan","Davis"
"49","josephmason@hotmail.com","pbkdf2:sha256:50000$12CjfTBZ$2231e90175f9640525539064cbb082f4968997ff28713b12e24443a1b9ace0db","Kathryn","Noble"
"50","richard56@yahoo.com","pbkdf2:sha256:50000$40vhLmbq$ee7c3ef165547116a8abdb77834ac44d5705ff653b95269957a7ca637fdd5ecf","Daniel","Cortez"
"51","fosterbryan@yahoo.com","pbkdf2:sha256:50000$RxZ358LV$e584195337767bf227ee515b3ab4c70aca0fa4616f3e82934289e357b5faa4e4","Kenneth","Boyd"
"52","anthonyvincent@yahoo.com","pbkdf2:sha256:50000$QjLJeRTc$f1d3d44d3917d77a7b5ef15c9005a46b6241eb2356d1011be5fc8a00d38ecb6a","Renee","Moore"
"53","sawyersamuel@yahoo.com","pbkdf2:sha256:50000$dns20wnJ$bf47c1dd3bebb2d013dac658944bddf347269ac169d9d13efac27bd6869d8419","Alyssa","Farley"
"54","gstone@yahoo.com","pbkdf2:sha256:50000$mX4Oi8wy$60b5d8f7dab824e73401e83434053513828fcb6e62bce94a8e5bde476833e553","Alexis","Williams"
"55","kevinflores@gmail.com","pbkdf2:sha256:50000$hFajZSYg$882c86ac774356238442377aa4cd35cf1c74ac2e27fdc34e97d594d89ca57657","Jasmine","Castro"
"56","gordon43@hotmail.com","pbkdf2:sha256:50000$1lKxmGhS$0b10ca68f3010abe27962c8a6fc552d9c95ef555d48e122702182a9ac605c96d","Joseph","Williams"
"57","kennethwashington@gmail.com","pbkdf2:sha256:50000$SbvGaoNt$e19bf52f94b032ed57d373202217ffc01388d661d63a70c14d1095fc96fa6a40","Jennifer","Marsh"
"58","hamiltonchristopher@gmail.com","pbkdf2:sha256:50000$hzvuzfDr$67b2f1eaee27112096ac38d080770e5f807e7a0fd80bae2eb83659e890b71394","Anne","Michael"
"59","nsmith@hotmail.com","pbkdf2:sha256:50000$fIgV5Y7H$cc5e0e4c8374f2b766f236f778114ab42552712cf1cbd2949ebf6ea6b016febc","Joshua","Duke"
"60","jennaarnold@yahoo.com","pbkdf2:sha256:50000$pyvqig7f$b748a0f402df59e22b944690a90d1726df933c8f8026098f85e382d39c888e9f","Susan","Turner"
"61","scottzimmerman@hotmail.com","pbkdf2:sha256:50000$Z5qTNDqb$57607563016b4d63686c041442a3b694070b755c9a536bd5de873c15165c7bac","Julie","Dominguez"
"62","bonnie89@gmail.com","pbkdf2:sha256:50000$MivtoswT$3369278ff496f5f9cde74bbac2f8685ba83bc0b0a56ddf037d56104f6bb4e53a","Dwayne","Osborne"
"63","cindy30@gmail.com","pbkdf2:sha256:50000$ybDh99au$1451d7dfd1b57ce8198a6f2cc0bd5d7708a9bf9ac2926c97a8e468dfa9de3473","Antonio","Thompson"
"64","qhenderson@gmail.com","pbkdf2:sha256:50000$NbL88eqj$1b01a3fd8896d557d0042e3ed1029228b639b696918dfcf96c2a05559cdc60d9","Yolanda","King"
"65","nancyturner@hotmail.com","pbkdf2:sha256:50000$cbZAtW7w$366b097038a03b4ae8ed3552a774f84f343ab38a05200567ceb0495ad1bf0554","Richard","Woodward"
"66","bradley51@hotmail.com","pbkdf2:sha256:50000$6OeF5piw$473e94bd44e69fc5329847e35a570978a47c0a621acdbe62c6688a51aa04e722","Jeremy","Costa"
"67","matthewpetersen@hotmail.com","pbkdf2:sha256:50000$byxze19x$eaaa2f133faed439448e0bc188d9c5af303c988f9b3e3152c66d1f5934e5bf37","Robert","Dunn"
"68","uhill@hotmail.com","pbkdf2:sha256:50000$TQFQsYoe$5235e8555d811f99a7327871761187f3a7382c21072a44a02216c8e7e0bc6ef9","Tonya","Andersen"
"69","lisa79@yahoo.com","pbkdf2:sha256:50000$f3tvEypR$6fa3578c6d28b1575c1651754e94a7735211b282ec6d6da172df80cbe47e6e62","Stephen","Bernard"
"70","richardsonjerry@yahoo.com","pbkdf2:sha256:50000$2ZZFaYJm$303edcf4022a5bbc4a5a213d64c61e690e0a4597b4af8eaaa64d4ce1a9ef1763","Amanda","Gonzalez"
"71","jmcmahon@gmail.com","pbkdf2:sha256:50000$ZjoYsP9t$9c63dd8040742a914da6c5dac8e560468e526c6f6703fa06557afd0c52024360","Jimmy","Walker"
"72","wrightkaylee@hotmail.com","pbkdf2:sha256:50000$uPjxCN3p$8a6884f53add5fe55184be2bc2aaa2b2612994e407e4bb5aaa995c9f67db9d5e","Austin","Holland"
"73","danielbernard@gmail.com","pbkdf2:sha256:50000$iGUfwDsG$c3d7f1533ce66bf270c12966e1fb5921fe8a1a0b2d361705290133eb2cab83ce","Molly","Fuller"
"74","wbrown@gmail.com","pbkdf2:sha256:50000$jGM2J2Re$a37c3019659906df404c61178ffabfa8ff2a25ecf552c9050cd794a3e81e9bab","Doris","Kaiser"
"75","ofernandez@yahoo.com","pbkdf2:sha256:50000$uW2AMopT$9a15176c9cb97994731fa0381817f3b2ff4b157c2903a33131b6a7bdaaaa8660","Tyler","Curtis"
"76","conradthomas@yahoo.com","pbkdf2:sha256:50000$8StVrihn$0cb79c9af8a8d9de614bb3d1988547f388a57deb0828d75e7a02ca112c0885ef","Angela","Tucker"
"77","savannahsoto@hotmail.com","pbkdf2:sha256:50000$8mZUOVBa$02f8c3440354102a55b123fb1df95947a9a34dc2d6f3a44530e192c3475b23b4","Robert","Gould"
"78","debra49@yahoo.com","pbkdf2:sha256:50000$CuM8ZCws$e4b2542c3334fde5bf4067969a915e07f0fb0b83684848f700806f268c42b57b","Cody","Morris"
"79","edward63@gmail.com","pbkdf2:sha256:50000$bLAAGYWT$23cd279b2f5cb0021e5c27e712be0c01e7d78702473597f2846cfd54a2e37c0d","Valerie","Jacobs"
"80","deborah77@gmail.com","pbkdf2:sha256:50000$aj09w9zc$125dc2884a403dde934dafe882d6cb2ac7d9ead68987e9a1af962e73c62179b5","Deanna","Holt"
"81","opoole@hotmail.com","pbkdf2:sha256:50000$yWKYpXGN$ee4155afb12a59d85a676359f31ff16ec95e4937a8ebad6f0e782196ba3bf81c","Larry","Palmer"
"82","dwells@hotmail.com","pbkdf2:sha256:50000$W5Kmd1t8$09b4cf3d3b200813da7c74ad4636a7eaacd23eb2653c30ae35113e638fb0b55d","Kristina","Higgins"
"83","qstephenson@hotmail.com","pbkdf2:sha256:50000$q98dhoMg$d9dbfa2dc3e199963eed692a1531ed5583111b19dd357b297a9073f289e868ae","Shawn","Matthews"
"84","jeffreysmith@gmail.com","pbkdf2:sha256:50000$j146KDpn$5c09cf7d66dc76820f43809ab4c296cdbe442b739ee1a92e7f9a27a277153884","Samantha","Parrish"
"85","marydaniel@yahoo.com","pbkdf2:sha256:50000$Wsoa2oAy$90295d2a3371334b436269bd2203a48b6abc06a4187a65741b85a806760c7ff4","Tonya","Jacobs"
"86","jerrybrooks@hotmail.com","pbkdf2:sha256:50000$pfIJpx4s$0cb462c15f7a3a526b89dd2f2875fa843dac1e67a03f55d0714b74d00b4b5150","John","Beck"
"87","mcbridemary@gmail.com","pbkdf2:sha256:50000$5Uw4HJhs$76823ef0724b755284a51b96082700b6845034652378955fc3215afc0496686d","Laurie","Underwood"
"88","ycolon@yahoo.com","pbkdf2:sha256:50000$sDinaGkg$5bcb115b3ff3d21b17fdee362d937b5e01ddb81697396b41769aa73c82ba7585","Linda","Orozco"
"89","michael74@yahoo.com","pbkdf2:sha256:50000$qrVZvYEI$6809cea9fe9b7b97971434bdfdaecba8dba976330fce2fdf41e26969bb7fdd27","Kimberly","Park"
"90","dillonwest@yahoo.com","pbkdf2:sha256:50000$6mJ4hkZT$334c9f307643fa9b8bf4188314d04fbbf8b4a8439afba9e036efcb5a291ae00a","Cynthia","Lyons"
"91","sarabender@hotmail.com","pbkdf2:sha256:50000$OpMBf5ZD$807e1ce1ca2abc41de02e94d56100046b4175d33ec952511f92bf52d56caff75","Daniel","Hall"
"92","jeremy83@hotmail.com","pbkdf2:sha256:50000$lSzopHIg$971977df1a0a778ce620fcb45a64f3b3d32a254e54a0a5255e778f682d3d0269","Spencer","Duncan"
"93","jonathan73@yahoo.com","pbkdf2:sha256:50000$8NPN55jm$f1f648333507a2865e4d67fa1e43cb6f1a041d64c54540f280c4c2c57dba4c6a","Cheryl","Acosta"
"94","alexandramitchell@gmail.com","pbkdf2:sha256:50000$SyKvuI1Y$cb929caececeb881b24309076989b41d80850d085524c2defe06384545186982","Matthew","DDS"
"95","mathew17@hotmail.com","pbkdf2:sha256:50000$48wYsZai$d92a6a42286c9bfe846f7489e4ac0a679ade12267336cbc39f4a54dece1f8cbf","Angela","Peterson"
"96","pgriffin@yahoo.com","pbkdf2:sha256:50000$VbX6tQ99$ed21e0c6cae8e92338321dac5a44e4e7e06723eae0a01dd9d8d1becc65f04f5c","Adrienne","Friedman"
"97","kennethwilliams@gmail.com","pbkdf2:sha256:50000$1Y5Apvo9$9fc454d5dc71132b18c994aeb2bd688f575c2e40b416aeb48a78b5b9eaf68519","Donald","Thompson"
"98","shawnharris@gmail.com","pbkdf2:sha256:50000$TSPCMTeA$6d201eef3f11894039bb3850a0e93b20fb360126193d907f764b5e1a93514a39","Bryan","Scott"
"99","danieltucker@hotmail.com","pbkdf2:sha256:50000$u8RIXYn9$bb734b7679e1894096e77cd8751ab75e2089e6859e0d9370e8dfe892e80d118c","Jessica","Miller"
